Method,Path,Body,single_q,double_q,dashes,braces,spaces,badwords,class
GET,b'/sca.17.6.2.js',b'',0,0,0,0,0,0,1
GET,b'/gannettdigital-telegram/log/3/supply-feature?route=HK:IL:V&tvi48=10143&tvi50=11906&lti=deflated&ri=63935338f0cd54def8eb67afcdf16786&sd=v2_11b85d8fefc914ebf2a80c5fcfcf39cc_47f0fe82-6d08-48aa-bad0-1aad03377859-tuctc56752b_1700592620_1700595156_CIi3jgYQ0vxMGICI-5q_MSAHKAMwZziY0QpA3o8QSMvW8QNQ____________AVgAYABoi7KQoMnujt4ucAE&ui=47f0fe82-6d08-48aa-bad0-1aad03377859-tuctc56752b&pi=/&wi=1259362818905553127&pt=home&vi=1700595155968&d=%7B%22event_type%22%3A%22distance_from_article%22%2C%22event_state%22%3A%22reported%22%2C%22event_value%22%3A%22436%22%2C%22event_msg%22%3A%22%22%2C%22event_key%22%3A%22%22%7D&tim=01%3A02%3A37.343&id=9165&llvl=2&cv=20231121-7-RELEASE&',b'',0,0,0,0,0,0,1
GET,b'/',b'',0,0,0,0,0,0,1
POST,b'/client-logs',"b'[{""devicePixelRatio"":1.25,""errName"":""SyntaxError"",""hasBeenActive"":false,""hint"":""h6t1"",""innerHeight"":730,""innerWidth"":1536,""isActive"":false,""level"":""critical"",""locHash"":"""",""locPath"":""/"",""locQuery"":"""",""logIndex"":1,""message"":""Unexpected end of JSON input"",""niDownlink"":10,""niRtt"":0,""niSaveData"":false,""online"":true,""orientation"":""landscape-primary"",""pageLanguage"":""en-US"",""logTimestamp"":1700595155918,""reportedBy"":""tangent"",""sampleFraction"":1,""screenHeight"":864,""screenWidth"":1536,""stacktrace"":""SyntaxError: Unexpected end of JSON input\\n    at parse (<anonymous>)\\n    at I.cPlrSetup (https://www.telegram.com/:69:429)\\n    at https://www.telegram.com/:82:281"",""visibilityState"":""hidden"",""adFree"":false,""adsEnabled"":true,""appVersion"":""0.3996.0"",""authorized"":false,""botStatus"":""f"",""contentType"":""homefront"",""cookieCount"":18,""cookiesEnabled"":true,""cookieSize"":1257,""deviceMemory"":8,""environment"":""production"",""experienceId"":""AnonInfinityLow:2:out-market"",""globalPrivacyControl"":false,""hasMarketAccess"":false,""hlsSupport"":""no value"",""infoCookie"":true,""language"":""en-US"",""legacyCompany"":""Gatehouse"",""locOgHref"":""https://www.telegram.com/#gnt-rf"",""locOrigin"":""https://www.telegram.com"",""lrEnv"":false,""market"":""telegram"",""maxTouchPoints"":0,""newsAlert"":false,""pageExperienceType"":""desktop"",""pageExperienceVersion"":""tangent"",""pageHasVideo"":true,""pageHasVideoAutoplay"":true,""pageRefreshed"":true,""pageTimestamp"":1700595155686,""pageviewId"":""1700595155686_816435473"",""platform"":""Win32"",""production"":true,""referrer"":""https://www.telegram.com/"",""resizeObserverSupported"":true,""section"":""home"",""serverTimestamp"":1700595151237,""siteCode"":""NTEG"",""storageSupported"":true,""subsection"":""home"",""touchSupported"":false,""usprivacy"":""1---"",""webShareSupported"":true},{""devicePixelRatio"":1.25,""hasBeenActive"":false,""hint"":""h3h4"",""innerHeight"":730,""innerWidth"":1536,""isActive"":false,""level"":""critical"",""locHash"":"""",""locPath"":""/"",""locQuery"":"""",""logIndex"":2,""message"":""Timed out waiting for GUP response"",""niDownlink"":10,""niRtt"":0,""niSaveData"":false,""online"":true,""orientation"":""landscape-primary"",""pageLanguage"":""en-US"",""logTimestamp"":1700595159261,""reportedBy"":""tangent"",""sampleFraction"":1,""screenHeight"":864,""screenWidth"":1536,""visibilityState"":""hidden"",""adFree"":false,""adsEnabled"":true,""appVersion"":""0.3996.0"",""authorized"":false,""botStatus"":""f"",""contentType"":""homefront"",""cookieCount"":18,""cookiesEnabled"":true,""cookieSize"":1257,""deviceMemory"":8,""environment"":""production"",""experienceId"":""AnonInfinityLow:2:out-market"",""globalPrivacyControl"":false,""hasMarketAccess"":false,""hlsSupport"":""no value"",""infoCookie"":true,""language"":""en-US"",""legacyCompany"":""Gatehouse"",""locOgHref"":""https://www.telegram.com/#gnt-rf"",""locOrigin"":""https://www.telegram.com"",""lrEnv"":false,""market"":""telegram"",""maxTouchPoints"":0,""newsAlert"":false,""pageExperienceType"":""desktop"",""pageExperienceVersion"":""tangent"",""pageHasVideo"":true,""pageHasVideoAutoplay"":true,""pageRefreshed"":true,""pageTimestamp"":1700595155686,""pageviewId"":""1700595155686_816435473"",""platform"":""Win32"",""production"":true,""referrer"":""https://www.telegram.com/"",""resizeObserverSupported"":true,""section"":""home"",""serverTimestamp"":1700595151237,""siteCode"":""NTEG"",""storageSupported"":true,""subsection"":""home"",""touchSupported"":false,""usprivacy"":""1---"",""webShareSupported"":true},{""devicePixelRatio"":1.25,""errName"":""Error"",""hasBeenActive"":false,""hint"":""h3h3"",""innerHeight"":730,""innerWidth"":1536,""isActive"":false,""level"":""critical"",""locHash"":"""",""locPath"":""/"",""locQuery"":"""",""logIndex"":3,""message"":""GUP timeout"",""niDownlink"":10,""niRtt"":0,""niSaveData"":false,""online"":true,""orientation"":""landscape-primary"",""pageLanguage"":""en-US"",""logTimestamp"":1700595159262,""reportedBy"":""tangent"",""sampleFraction"":1,""screenHeight"":864,""screenWidth"":1536,""stacktrace"":""Error: GUP timeout\\n    at https://www.telegram.com/:34:1615"",""visibilityState"":""hidden"",""adFree"":false,""adsEnabled"":true,""appVersion"":""0.3996.0"",""authorized"":false,""botStatus"":""f"",""contentType"":""homefront"",""cookieCount"":18,""cookiesEnabled"":true,""cookieSize"":1257,""deviceMemory"":8,""environment"":""production"",""experienceId"":""AnonInfinityLow:2:out-market"",""globalPrivacyControl"":false,""hasMarketAccess"":false,""hlsSupport"":""no value"",""infoCookie"":true,""language"":""en-US"",""legacyCompany"":""Gatehouse"",""locOgHref"":""https://www.telegram.com/#gnt-rf"",""locOrigin"":""https://www.telegram.com"",""lrEnv"":false,""market"":""telegram"",""maxTouchPoints"":0,""newsAlert"":false,""pageExperienceType"":""desktop"",""pageExperienceVersion"":""tangent"",""pageHasVideo"":true,""pageHasVideoAutoplay"":true,""pageRefreshed"":true,""pageTimestamp"":1700595155686,""pageviewId"":""1700595155686_816435473"",""platform"":""Win32"",""production"":true,""referrer"":""https://www.telegram.com/"",""resizeObserverSupported"":true,""section"":""home"",""serverTimestamp"":1700595151237,""siteCode"":""NTEG"",""storageSupported"":true,""subsection"":""home"",""touchSupported"":false,""usprivacy"":""1---"",""webShareSupported"":true},{""devicePixelRatio"":1.25,""errName"":""Error"",""hasBeenActive"":false,""hint"":""h7h2"",""innerHeight"":730,""innerWidth"":1536,""isActive"":false,""level"":""critical"",""locHash"":"""",""locPath"":""/"",""locQuery"":"""",""logIndex"":4,""message"":""GUP timeout"",""niDownlink"":10,""niRtt"":0,""niSaveData"":false,""online"":true,""orientation"":""landscape-primary"",""pageLanguage"":""en-US"",""logTimestamp"":1700595159262,""reportedBy"":""tangent"",""sampleFraction"":1,""screenHeight"":864,""screenWidth"":1536,""stacktrace"":""Error: GUP timeout\\n    at https://www.telegram.com/:34:1615"",""visibilityState"":""hidden"",""adFree"":false,""adsEnabled"":true,""appVersion"":""0.3996.0"",""authorized"":false,""botStatus"":""f"",""contentType"":""homefront"",""cookieCount"":18,""cookiesEnabled"":true,""cookieSize"":1257,""deviceMemory"":8,""environment"":""production"",""experienceId"":""AnonInfinityLow:2:out-market"",""globalPrivacyControl"":false,""hasMarketAccess"":false,""hlsSupport"":""no value"",""infoCookie"":true,""language"":""en-US"",""legacyCompany"":""Gatehouse"",""locOgHref"":""https://www.telegram.com/#gnt-rf"",""locOrigin"":""https://www.telegram.com"",""lrEnv"":false,""market"":""telegram"",""maxTouchPoints"":0,""newsAlert"":false,""pageExperienceType"":""desktop"",""pageExperienceVersion"":""tangent"",""pageHasVideo"":true,""pageHasVideoAutoplay"":true,""pageRefreshed"":true,""pageTimestamp"":1700595155686,""pageviewId"":""1700595155686_816435473"",""platform"":""Win32"",""production"":true,""referrer"":""https://www.telegram.com/"",""resizeObserverSupported"":true,""section"":""home"",""serverTimestamp"":1700595151237,""siteCode"":""NTEG"",""storageSupported"":true,""subsection"":""home"",""touchSupported"":false,""usprivacy"":""1---"",""webShareSupported"":true}]'",0,800,4,2,51,0,1
GET,b'/?uid=47f0fe82-6d08-48aa-bad0-1aad03377859-tuctc56752b&ptf=V2luZG93cw==&bnd=Q2hyb21pdW0=&bndv=MTE5&bnd=Tm90P0FfQnJhbmQ=&bndv=MjQ=&mbl=ZmFsc2U=',b'',0,0,0,0,0,1,1
GET,b'/_online?1700595161262',b'',0,0,0,0,0,0,1
GET,b'/cs/6035223/beacon.js',b'',0,0,0,0,0,0,1
GET,b'/internal-cs/default/beacon.js',b'',0,0,0,0,0,0,1
GET,b'/up_loader.1.1.0.js',b'',0,0,0,0,0,0,1
POST,b'/gannettdigital-telegram/log/3/perf?tvi48=10143&tvi50=11906&route=HK%3AIL%3AV&lti=deflated',b'ri=63935338f0cd54def8eb67afcdf16786&sd=v2_11b85d8fefc914ebf2a80c5fcfcf39cc_47f0fe82-6d08-48aa-bad0-1aad03377859-tuctc56752b_1700592620_1700595156_CIi3jgYQ0vxMGICI-5q_MSAHKAMwZziY0QpA3o8QSMvW8QNQ____________AVgAYABoi7KQoMnujt4ucAE&ui=47f0fe82-6d08-48aa-bad0-1aad03377859-tuctc56752b&pi=%2F&wi=1259362818905553127&pt=home&vi=1700595155968&cv=20231121-7-RELEASE&networkId=gannett-network&lt=deflated&data=%7B%22measurements%22%3A%22%5B%7B%5C%22name%5C%22%3A%5C%22generalMeasure_loaderLoaded%5C%22%2C%5C%22entryType%5C%22%3A%5C%22measure%5C%22%2C%5C%22startTime%5C%22%3A692.6000000000931%2C%5C%22duration%5C%22%3A10304.19999999972%7D%2C%7B%5C%22name%5C%22%3A%5C%22generalMeasure_implLoaded%5C%22%2C%5C%22entryType%5C%22%3A%5C%22measure%5C%22%2C%5C%22startTime%5C%22%3A701.5%2C%5C%22duration%5C%22%3A10295.299999999814%7D%2C%7B%5C%22name%5C%22%3A%5C%22generalMeasure_inflate%5C%22%2C%5C%22entryType%5C%22%3A%5C%22measure%5C%22%2C%5C%22startTime%5C%22%3A669.3999999999069%2C%5C%22duration%5C%22%3A19.600000000093132%7D%2C%7B%5C%22name%5C%22%3A%5C%22generalMeasure_videoAjaxParsing_0%5C%22%2C%5C%22entryType%5C%22%3A%5C%22measure%5C%22%2C%5C%22startTime%5C%22%3A2020%2C%5C%22duration%5C%22%3A0%7D%2C%7B%5C%22name%5C%22%3A%5C%22generalMeasure_videoEvalSingleManagerLoadUnitTime_0%5C%22%2C%5C%22entryType%5C%22%3A%5C%22measure%5C%22%2C%5C%22startTime%5C%22%3A2064.100000000093%2C%5C%22duration%5C%22%3A0.19999999972060323%7D%2C%7B%5C%22name%5C%22%3A%5C%22generalMeasure_moduleLazyLoadTime_111578637%5C%22%2C%5C%22entryType%5C%22%3A%5C%22measure%5C%22%2C%5C%22startTime%5C%22%3A2038.5%2C%5C%22duration%5C%22%3A33.89999999990687%7D%2C%7B%5C%22name%5C%22%3A%5C%22generalMeasure_moduleLazyLoadTime_138234501%5C%22%2C%5C%22entryType%5C%22%3A%5C%22measure%5C%22%2C%5C%22startTime%5C%22%3A2021.2999999998137%2C%5C%22duration%5C%22%3A43.5%7D%2C%7B%5C%22name%5C%22%3A%5C%22generalMeasure_handleLoadResponse_390970767%5C%22%2C%5C%22entryType%5C%22%3A%5C%22measure%5C%22%2C%5C%22startTime%5C%22%3A2012.3999999999069%2C%5C%22duration%5C%22%3A46.799999999813735%7D%2C%7B%5C%22name%5C%22%3A%5C%22generalMeasure_moduleLazyLoadTime_442383982%5C%22%2C%5C%22entryType%5C%22%3A%5C%22measure%5C%22%2C%5C%22startTime%5C%22%3A2039.1000000000931%2C%5C%22duration%5C%22%3A37%7D%2C%7B%5C%22name%5C%22%3A%5C%22generalMeasure_imgLoadTime_612387012%5C%22%2C%5C%22entryType%5C%22%3A%5C%22measure%5C%22%2C%5C%22startTime%5C%22%3A2998.2999999998137%2C%5C%22duration%5C%22%3A5688.899999999907%7D%2C%7B%5C%22name%5C%22%3A%5C%22generalMeasure_imgLoadTime_612387013%5C%22%2C%5C%22entryType%5C%22%3A%5C%22measure%5C%22%2C%5C%22startTime%5C%22%3A2999.600000000093%2C%5C%22duration%5C%22%3A5745.799999999814%7D%2C%7B%5C%22name%5C%22%3A%5C%22generalMeasure_imgLoadTime_612387014%5C%22%2C%5C%22entryType%5C%22%3A%5C%22measure%5C%22%2C%5C%22startTime%5C%22%3A3000.100000000093%2C%5C%22duration%5C%22%3A1.599999999627471%7D%2C%7B%5C%22name%5C%22%3A%5C%22generalMeasure_moduleLazyLoadTime_733670571%5C%22%2C%5C%22entryType%5C%22%3A%5C%22measure%5C%22%2C%5C%22startTime%5C%22%3A2038.8999999999069%2C%5C%22duration%5C%22%3A37.299999999813735%7D%2C%7B%5C%22name%5C%22%3A%5C%22reqMeasure_rendering_1018837982%5C%22%2C%5C%22entryType%5C%22%3A%5C%22measure%5C%22%2C%5C%22startTime%5C%22%3A2052.6999999997206%2C%5C%22duration%5C%22%3A1.400000000372529%7D%2C%7B%5C%22name%5C%22%3A%5C%22generalMeasure_SmartEllipsis_1204732688%5C%22%2C%5C%22entryType%5C%22%3A%5C%22measure%5C%22%2C%5C%22startTime%5C%22%3A2082.5%2C%5C%22duration%5C%22%3A0.10000000009313226%7D%2C%7B%5C%22name%5C%22%3A%5C%22reqMeasure_rendering_1748517868%5C%22%2C%5C%22entryType%5C%22%3A%5C%22measure%5C%22%2C%5C%22startTime%5C%22%3A2040.1999999997206%2C%5C%22duration%5C%22%3A11.700000000186265%7D%2C%7B%5C%22name%5C%22%3A%5C%22reqMeasure_rendering_1895504606%5C%22%2C%5C%22entryType%5C%22%3A%5C%22measure%5C%22%2C%5C%22startTime%5C%22%3A2025.1999999997206%2C%5C%22duration%5C%22%3A13.100000000093132%7D%2C%7B%5C%22name%5C%22%3A%5C%22generalMeasure_tblPush_-293262738%5C%22%2C%5C%22entryType%5C%22%3A%5C%22measure%5C%22%2C%5C%22startTime%5C%22%3A693.2999999998137%2C%5C%22duration%5C%22%3A0%7D%2C%7B%5C%22name%5C%22%3A%5C%22generalMeasure_tblPush_-694457877%5C%22%2C%5C%22entryType%5C%22%3A%5C%22measure%5C%22%2C%5C%22startTime%5C%22%3A693.2999999998137%2C%5C%22duration%5C%22%3A0%7D%2C%7B%5C%22name%5C%22%3A%5C%22generalMeasure_moduleLazyLoadTime_-1127827963%5C%22%2C%5C%22entryType%5C%22%3A%5C%22measure%5C%22%2C%5C%22startTime%5C%22%3A702.3999999999069%2C%5C%22duration%5C%22%3A9.799999999813735%7D%2C%7B%5C%22name%5C%22%3A%5C%22generalMeasure_pv3prase_-1781807320%5C%22%2C%5C%22entryType%5C%22%3A%5C%22measure%5C%22%2C%5C%22startTime%5C%22%3A2015.7999999998137%2C%5C%22duration%5C%22%3A42.5%7D%2C%7B%5C%22name%5C%22%3A%5C%22reqMeasure_rendering_-77814859%5C%22%2C%5C%22entryType%5C%22%3A%5C%22measure%5C%22%2C%5C%22startTime%5C%22%3A2055.100000000093%2C%5C%22duration%5C%22%3A1%7D%2C%7B%5C%22name%5C%22%3A%5C%22reqMeasure_rendering_-1131003350%5C%22%2C%5C%22entryType%5C%22%3A%5C%22measure%5C%22%2C%5C%22startTime%5C%22%3A2057%2C%5C%22duration%5C%22%3A1.1999999997206032%7D%2C%7B%5C%22name%5C%22%3A%5C%22generalMeasure_firstImgLoadTime_-181332853%5C%22%2C%5C%22entryType%5C%22%3A%5C%22measure%5C%22%2C%5C%22startTime%5C%22%3A2998.2999999998137%2C%5C%22duration%5C%22%3A7998.5%7D%2C%7B%5C%22name%5C%22%3A%5C%22generalMeasure_domInteractive%5C%22%2C%5C%22entryType%5C%22%3A%5C%22measure%5C%22%2C%5C%22startTime%5C%22%3A495.29999999981374%2C%5C%22duration%5C%22%3A0%7D%2C%7B%5C%22name%5C%22%3A%5C%22generalMeasure_domContentLoadedEventEnd%5C%22%2C%5C%22entryType%5C%22%3A%5C%22measure%5C%22%2C%5C%22startTime%5C%22%3A498.79999999981374%2C%5C%22duration%5C%22%3A0%7D%2C%7B%5C%22name%5C%22%3A%5C%22generalMeasure_loadEventEnd%5C%22%2C%5C%22entryType%5C%22%3A%5C%22measure%5C%22%2C%5C%22startTime%5C%22%3A0%2C%5C%22duration%5C%22%3A0%7D%2C%7B%5C%22name%5C%22%3A%5C%22generalMeasure_domComplete%5C%22%2C%5C%22entryType%5C%22%3A%5C%22measure%5C%22%2C%5C%22startTime%5C%22%3A0%2C%5C%22duration%5C%22%3A0%7D%2C%7B%5C%22name%5C%22%3A%5C%22generalMeasure_connectionDownlink%5C%22%2C%5C%22entryType%5C%22%3A%5C%22measure%5C%22%2C%5C%22startTime%5C%22%3A10997.399999999907%2C%5C%22duration%5C%22%3A10%7D%2C%7B%5C%22name%5C%22%3A%5C%22generalMeasure_connectionEffectiveType%5C%22%2C%5C%22entryType%5C%22%3A%5C%22measure%5C%22%2C%5C%22startTime%5C%22%3A10997.399999999907%2C%5C%22duration%5C%22%3A4%7D%2C%7B%5C%22name%5C%22%3A%5C%22generalMeasure_ELMAX_1%5C%22%2C%5C%22entryType%5C%22%3A%5C%22measure%5C%22%2C%5C%22startTime%5C%22%3A6000.399999999907%2C%5C%22duration%5C%22%3A54.60000000009313%7D%2C%7B%5C%22name%5C%22%3A%5C%22generalMeasure_ELAVG_1%5C%22%2C%5C%22entryType%5C%22%3A%5C%22measure%5C%22%2C%5C%22startTime%5C%22%3A6000.399999999907%2C%5C%22duration%5C%22%3A18.40000000006209%7D%5D%22%2C%22dict%22%3A%22%7B%5C%220%5C%22%3A%5C%22~~%40~~%5C%22%2C%5C%22111578637%5C%22%3A%5C%22~~%40~~userx%5C%22%2C%5C%22138234501%5C%22%3A%5C%22~~%40~~feed-card-placeholder%5C%22%2C%5C%22390970767%5C%22%3A%5C%22handleLoadResponse~~%40~~%5C%22%2C%5C%22442383982%5C%22%3A%5C%22~~%40~~article-detection%5C%22%2C%5C%22612387012%5C%22%3A%5C%22~~%40~~1700595158261%5C%22%2C%5C%22612387013%5C%22%3A%5C%22~~%40~~1700595158262%5C%22%2C%5C%22612387014%5C%22%3A%5C%22~~%40~~1700595158263%5C%22%2C%5C%22733670571%5C%22%3A%5C%22~~%40~~distance-from-article%5C%22%2C%5C%221018837982%5C%22%3A%5C%22thumbnails-feed-desktop-03~~%40~~1826b32656fbc67c562e20582abc4bb4%5C%22%2C%5C%221204732688%5C%22%3A%5C%22Ellipsis~~%40~~all%5C%22%2C%5C%221670631494%5C%22%3A%5C%22RealTimeUserSyncMain~~%40~~0%5C%22%2C%5C%221748517868%5C%22%3A%5C%22thumbnails-feed-desktop-03~~%40~~dea20ad8772598ce5702d54a65422fef%5C%22%2C%5C%221895504606%5C%22%3A%5C%22thumbnails-feed-original-03~~%40~~51ab73e2406c8c1944064d2e1860a0f3%5C%22%2C%5C%22-293262738%5C%22%3A%5C%22Below_Homepage_Feed_-_Feed_Redesign~~%40~~0%5C%22%2C%5C%22-694457877%5C%22%3A%5C%22Right_Rail_Home_Thumbnails_-_Redesign~~%40~~0%5C%22%2C%5C%22-1127827963%5C%22%3A%5C%22~~%40~~google-topics-api%5C%22%2C%5C%22-1399777350%5C%22%3A%5C%22RealTimeUserSyncCallback~~%40~~0%5C%22%2C%5C%22-1021499608%5C%22%3A%5C%22TrcPv3~~%40~~undefined%5C%22%2C%5C%22-1781807320%5C%22%3A%5C%22TrcPv3~~%40~~%5C%22%2C%5C%22-77814859%5C%22%3A%5C%22exchange-thumbnails-desktop-deal-03~~%40~~b930328ee8076f4c52fcbaeec90d0024%5C%22%2C%5C%22-1131003350%5C%22%3A%5C%22exchange-thumbnails-desktop-a-03~~%40~~3f7d32d5cc095c32b25a19d0d23a9ca3%5C%22%2C%5C%22-181332853%5C%22%3A%5C%22~~%40~~firstImage%5C%22%7D%22%7D&tim=01%3A02%3A46.261&id=143&llvl=2',0,0,0,0,0,0,1
GET,b'/pagead/viewthroughconversion/994302621/?random=1700595159322&cv=9&fst=1700595159322&num=1&guid=ON&resp=GooglemKTybQhCsO&eid=466465926&u_h=864&u_w=1536&u_ah=816&u_aw=1536&u_cd=24&u_his=2&u_tz=330&u_java=false&u_nplug=5&u_nmime=2&sendb=1&ig=1&frm=0&url=https%3A%2F%2Fwww.telegram.com%2F&ref=https%3A%2F%2Fwww.telegram.com%2F&tiba=Worcester%20Telegram%20%3A%20Local%20News%2C%20Politics%20%26%20Sports%20in%20Worcester%2C%20MA&hn=www.googleadservices.com&uaa=&uab=&uam=&uap=Windows&uapv=&uaw=0&uafvl=&us_privacy=1---&async=1&rfmt=3&fmt=4',b'',0,0,1,0,0,1,1
GET,b'/scripts/fraud-detect.js',b'',0,0,0,0,0,0,1
GET,b'/b?c2=6035223&c1=2&cs_it=b8&cv=4.0.0%2B2301240627&ns__t=1700595164874&ns_c=UTF-8&c5=home&category=home&comscorekw=home_tangent&c6=home&c4=https%3A%2F%2Fwww.telegram.com%2F&c15=42613ae5-6656-4c70-918e-bdb267485339&cs_ucfr=&c7=https%3A%2F%2Fwww.telegram.com%2F&c8=Worcester%20Telegram%20%3A%20Local%20News%2C%20Politics%20%26%20Sports%20in%20Worcester%2C%20MA&c9=https%3A%2F%2Fwww.telegram.com%2F',b'',0,0,0,0,0,0,1
POST,b'/client-logs',"b'[{""devicePixelRatio"":1.25,""errName"":""TypeError"",""hasBeenActive"":false,""hint"":""h9e1"",""innerHeight"":730,""innerWidth"":1536,""isActive"":false,""level"":""critical"",""locHash"":"""",""locPath"":""/"",""locQuery"":"""",""logIndex"":5,""message"":""Failed to fetch"",""niDownlink"":10,""niRtt"":0,""niSaveData"":false,""online"":true,""orientation"":""landscape-primary"",""pageLanguage"":""en-US"",""logTimestamp"":1700595172098,""reportedBy"":""tangent"",""sampleFraction"":1,""screenHeight"":864,""screenWidth"":1536,""stacktrace"":""TypeError: Failed to fetch\\n    at h.ip.h.ld (https://www.telegram.com/:16:313)\\n    at https://www.telegram.com/:17:105"",""visibilityState"":""hidden"",""adFree"":false,""adsEnabled"":true,""appVersion"":""0.3996.0"",""authorized"":false,""botStatus"":""f"",""contentType"":""homefront"",""cookieCount"":18,""cookiesEnabled"":true,""cookieSize"":1257,""deviceMemory"":8,""environment"":""production"",""experienceId"":""AnonInfinityLow:2:out-market"",""globalPrivacyControl"":false,""hasMarketAccess"":false,""hlsSupport"":""no value"",""infoCookie"":true,""language"":""en-US"",""legacyCompany"":""Gatehouse"",""locOgHref"":""https://www.telegram.com/#gnt-rf"",""locOrigin"":""https://www.telegram.com"",""lrEnv"":false,""market"":""telegram"",""maxTouchPoints"":0,""newsAlert"":false,""pageExperienceType"":""desktop"",""pageExperienceVersion"":""tangent"",""pageHasVideo"":true,""pageHasVideoAutoplay"":true,""pageRefreshed"":true,""pageTimestamp"":1700595155686,""pageviewId"":""1700595155686_816435473"",""platform"":""Win32"",""production"":true,""referrer"":""https://www.telegram.com/"",""resizeObserverSupported"":true,""section"":""home"",""serverTimestamp"":1700595151237,""siteCode"":""NTEG"",""storageSupported"":true,""subsection"":""home"",""touchSupported"":false,""usprivacy"":""1---"",""webShareSupported"":true},{""devicePixelRatio"":1.25,""errName"":""TypeError"",""hasBeenActive"":false,""hint"":""h3h3"",""innerHeight"":730,""innerWidth"":1536,""isActive"":false,""level"":""critical"",""locHash"":"""",""locPath"":""/"",""locQuery"":"""",""logIndex"":6,""message"":""Failed to fetch"",""niDownlink"":10,""niRtt"":0,""niSaveData"":false,""online"":true,""orientation"":""landscape-primary"",""pageLanguage"":""en-US"",""logTimestamp"":1700595172100,""reportedBy"":""tangent"",""sampleFraction"":1,""screenHeight"":864,""screenWidth"":1536,""stacktrace"":""TypeError: Failed to fetch\\n    at h.ip.h.ld (https://www.telegram.com/:16:313)\\n    at https://www.telegram.com/:17:105"",""visibilityState"":""hidden"",""adFree"":false,""adsEnabled"":true,""appVersion"":""0.3996.0"",""authorized"":false,""botStatus"":""f"",""contentType"":""homefront"",""cookieCount"":18,""cookiesEnabled"":true,""cookieSize"":1257,""deviceMemory"":8,""environment"":""production"",""experienceId"":""AnonInfinityLow:2:out-market"",""globalPrivacyControl"":false,""hasMarketAccess"":false,""hlsSupport"":""no value"",""infoCookie"":true,""language"":""en-US"",""legacyCompany"":""Gatehouse"",""locOgHref"":""https://www.telegram.com/#gnt-rf"",""locOrigin"":""https://www.telegram.com"",""lrEnv"":false,""market"":""telegram"",""maxTouchPoints"":0,""newsAlert"":false,""pageExperienceType"":""desktop"",""pageExperienceVersion"":""tangent"",""pageHasVideo"":true,""pageHasVideoAutoplay"":true,""pageRefreshed"":true,""pageTimestamp"":1700595155686,""pageviewId"":""1700595155686_816435473"",""platform"":""Win32"",""production"":true,""referrer"":""https://www.telegram.com/"",""resizeObserverSupported"":true,""section"":""home"",""serverTimestamp"":1700595151237,""siteCode"":""NTEG"",""storageSupported"":true,""subsection"":""home"",""touchSupported"":false,""usprivacy"":""1---"",""webShareSupported"":true}]'",0,404,2,2,34,0,1
GET,b'/_online?1700595184262',b'',0,0,0,0,0,0,1
POST,b'/cdb?ptv=141&profileId=185&av=36&wv=8.10.0&cb=17597546657',"b'{""publisher"":{""url"":""https://www.telegram.com/"",""networkid"":1493},""slots"":[{""slotid"":""6016f74df025097"",""impid"":""ad-slot-7103-ma-worcester-C6718-leaderboard_btf-homepage-6"",""transactionid"":""510a3e79-e1d2-48dd-810d-d5bae72b763c"",""sizes"":[""728x90""],""position"":{""top"":6973.27490234375,""left"":395.6000061035156},""ext"":{""data"":{""adserver"":{""adslot"":""/7103/ma-worcester-C6718/leaderboard_btf/homepage#1"",""name"":""gam""},""pbadslot"":""/7103/ma-worcester-C6718/leaderboard_btf/homepage#1""},""gpid"":""/7103/ma-worcester-C6718/leaderboard_btf/homepage#1"",""tid"":""510a3e79-e1d2-48dd-810d-d5bae72b763c""}}],""user"":{""ext"":{""data"":{""contentLanguage"":""en-US"",""navigatorLanguage"":""en-US"",""orientation"":""landscape-primary"",""windowInnerWidth"":1536,""windowInnerHeight"":730,""pageWidth"":1519,""pageHeight"":7787,""sessionDuration"":32996.10000000009},""device"":{""w"":1536,""h"":864}},""uspIab"":""1---""},""site"":{""name"":""The Worcester Telegram & Gazette"",""domain"":""telegram.com"",""cat"":[],""sectioncat"":[],""keywords"":"""",""ext"":{""data"":{""section"":[""homepage""],""subsection"":[""""]}},""page"":""https://www.telegram.com/""},""viewport"":{""width"":1536,""height"":730,""scrollTop"":0,""scrollLeft"":0},""tmax"":1600,""auctionStart"":1700595188258,""id"":""e445dbe8-8f2e-4440-b31a-8343d6407810"",""eids"":[{""source"":""pubcid.org"",""uids"":[{""id"":""42613ae5-6656-4c70-918e-bdb267485339"",""atype"":1}]}],""source"":{""tid"":""fdc4b8dc-86c0-4b52-b6ff-b7d637b85bb3""}}'",0,168,1,0,4,1,1
POST,b'/pbd/openrtb2/auction',"b'{""imp"":[{""ext"":{""data"":{""adserver"":{""adslot"":""/7103/ma-worcester-C6718/leaderboard_btf/homepage#1"",""name"":""gam""},""pbadslot"":""/7103/ma-worcester-C6718/leaderboard_btf/homepage#1""},""gpid"":""/7103/ma-worcester-C6718/leaderboard_btf/homepage#1"",""tid"":""510a3e79-e1d2-48dd-810d-d5bae72b763c"",""prebid"":{""bidder"":{""ix"":{""s"":[728,90],""siteId"":""196727"",""size"":[728,90]},""pulsepoint"":{""s"":[728,90],""ct"":758239,""cp"":562748},""rubicon"":{""siteId"":37664,""zoneId"":159194,""accountId"":11324,""inventory"":{""domain"":[""telegram.com""],""section"":[""homepage""],""subsection"":[""""]}}},""adunitcode"":""ad-slot-7103-ma-worcester-C6718-leaderboard_btf-homepage-6""}},""id"":""ad-slot-7103-ma-worcester-C6718-leaderboard_btf-homepage-6"",""banner"":{""topframe"":1,""format"":[{""w"":728,""h"":90}],""pos"":0}}],""site"":{""name"":""The Worcester Telegram & Gazette"",""domain"":""telegram.com"",""cat"":[],""sectioncat"":[],""keywords"":"""",""ext"":{""data"":{""section"":[""homepage""],""subsection"":[""""]}},""page"":""https://www.telegram.com/"",""publisher"":{""id"":""12345""}},""regs"":{""ext"":{""us_privacy"":""1---""}},""ext"":{""prebid"":{""auctiontimestamp"":1700595188256,""targeting"":{""includewinners"":true,""includebidderkeys"":false},""aliases"":{""appnexusAst"":""appnexus"",""colossusssp"":""colossus"",""yahoossp"":""yahooAds""},""channel"":{""name"":""pbjs"",""version"":""v8.10.0""}}},""id"":""a79c4e34-3b4e-4dc0-9ca4-6d5c9c5a32ec"",""test"":0,""user"":{""ext"":{""eids"":[{""source"":""pubcid.org"",""uids"":[{""id"":""42613ae5-6656-4c70-918e-bdb267485339"",""atype"":1}]}]}},""tmax"":1000}'",0,202,1,0,4,1,1
GET,b'/e/dtb/bid?src=3062&u=https%3A%2F%2Fwww.telegram.com%2F&pr=https%3A%2F%2Fwww.telegram.com%2F&pid=qWtzD0MaTVVxY&cb=1&ws=1536x730&v=23.1108.2350&t=1500&slots=%5B%7B%22sd%22%3A%22ad-slot-7103-ma-worcester-C6718-leaderboard_btf-homepage-6%22%2C%22s%22%3A%5B%22728x90%22%5D%2C%22sn%22%3A%22%2F7103%2Fma-worcester-C6718%2Fleaderboard_btf%2Fhomepage%231%22%7D%5D&pj=%7B%22us_privacy%22%3A%221---%22%7D&cfgv=1&gdprl=%7B%22status%22%3A%22no-cmp%22%7D&vm=%7B%22ids%22%3A%7B%22pubcommon%22%3A%220f574b50-4a08-48cb-938c-52fc92bf482b%22%7D%7D',b'',0,0,1,0,0,0,1
GET,"b'/api/config.json?key=DRC3M-XVBSV-FUQK8-83JJR-8KUMW&d=www.geeksforgeeks.org&t=5668651&v=1.632.0&if=&sl=1&si=9db59474-f149-4392-8417-0a6c3d7ebb40-s4hc3a&bcn=%2F%2F684d0d48.akstat.io%2F&plugins=AK,ConfigOverride,Continuity,PageParams,IFrameDelay,AutoXHR,SPA,Angular,Backbone,Ember,History,RT,CrossDomain,BW,PaintTiming,NavigationTiming,ResourceTiming,Memory,CACHE_RELOAD,Errors,TPAnalytics,UserTiming,Akamai,LOGN&acao=&ak.ai=547329'",b'',0,0,0,0,0,0,1
POST,b'/csm/events',"b'{""requestId"":""e445dbe8-8f2e-4440-b31a-8343d6407810"",""events"":[{""eventId"":""AdapterBidStart"",""elapsed"":0},{""eventId"":""CdbCallStart"",""elapsed"":0},{""eventId"":""CdbCallEnd"",""elapsed"":860},{""eventId"":""AdapterBidEnd"",""elapsed"":860},{""eventId"":""UserReturnTime"",""elapsed"":32852}]}'",0,36,0,0,0,0,1
GET,b'/gampad/ads?pvsid=1639779885541514&correlator=2948267725078037&eid=31079312%2C31079695%2C31061691%2C31061693%2C31078663%2C31078665%2C31078668%2C31078670&output=ldjh&gdfp_req=1&vrg=202311140101&ptt=17&impl=fifs&us_privacy=1---&tfcd=0&iu_parts=7103%2Cma-worcester-C6718%2Cleaderboard_btf%2Chomepage&enc_prev_ius=0%2F1%2F2%2F3&prev_iu_szs=728x90&ifi=5&sfv=1-0-40&rcs=1&eri=1&sc=1&cookie=ID%3D67e28f5b4f788c41%3AT%3D1700592621%3ART%3D1700594895%3AS%3DALNI_MaZ4qLi-ESqM0K9Ke5rJMJ8fZ7_0g&gpic=UID%3D00000c922c1e69d7%3AT%3D1700592621%3ART%3D1700594895%3AS%3DALNI_MY_F4ot27lURvQ166sfOoVfIVlNfA&abxe=1&dt=1700595189222&lmt=1700595189&adxs=396&adys=6973&biw=1519&bih=730&scr_x=0&scr_y=0&btvi=3&ucis=4&oid=2&u_his=2&u_h=864&u_w=1536&u_ah=816&u_aw=1536&u_cd=24&u_sd=1.25&u_tz=330&dmc=8&bc=31&nvt=2&uach=WyJXaW5kb3dzIiwiIiwiIiwiIiwiIixudWxsLDAsbnVsbCwiIixudWxsLDBd&url=https%3A%2F%2Fwww.telegram.com%2F&ref=https%3A%2F%2Fwww.telegram.com%2F&rumc=1639779885541514&rume=1&vis=2&psz=880x108&msz=728x90&fws=4&ohw=728&psts=AOrYGskAmpbKyJ7qHCQl_BNESX-ELrDoDmUiQrWYox1T0KxrCq_g_ZQukvJ0eQifw5cEU4qCtPc8tFsk2v8fbD42DfN32Yc%2CAOrYGslXqzWxZnMwa10HhsoG5C0a%2CAOrYGslXqzWxZnMwa10HhsoG5C0a&ga_vid=1668597486.1700592620627&ga_sid=1700595157&ga_hid=1608231550&ga_fc=true&td=1&topics=3&tps=3&htps=10&a3p=Eh0KDmVzcC5jcml0ZW8uY29tGK2v4Jm_MUgAUgIIZA..&nt=1&psd=WzE1LFsyLFtbIjcxMDMvbWEtd29yY2VzdGVyLUM2NzE4L2xlYWRlcmJvYXJkX2J0Zi9ob21lcGFnZSIsW11dXV0sbnVsbCwzXQ..&dlt=1700595155678&idt=92&ppid=42613ae5-6656-4c70-918e-bdb267485339&prev_scp=position%3Dleaderboard_btf%26adCount%3D1%26id%3Db99e0976-88a4-11ee-8035-0a53811b8efa%26navigationtype%3Dadrefresh-off&cust_params=aam_props%3Dtangent-desktop%257Cdesktop%257Chomefront%26alerttype%3D%26build%3Dtangent-desktop%26cst_section%3Dhomepage%26features%3Dnoautoplay%252CheavyAds%26gnt_sb%3D2%26gnt_ub%3D7%26hls%3Dhttps%253A%252F%252Fwww.telegram.com%252Fgcdn%252Fgannett-web%252Fapps%252Fteal%252Fdist%252Fvendor%252Fhls%252Fhls.1.2.8.min.js%26navigationtype%3Dpagerefresh-off%26pageType%3Dhome-front%26privacy%3DNA%26property%3DNTEG%26referrer%3Dtelegram.com%252F%26sitepage%3DNTEG%252Fhome%26ssts_section%3Dhome%26userguid%3D42613ae5-6656-4c70-918e-bdb267485339%26utm_props%3D%257C%257C%26variant%3Dad-control%252Cst95%26fr%3Dfalse%26adt%3DveryLow%26alc%3DveryLow%26dlm%3DveryLow%26drg%3DveryLow%26hat%3DveryLow%26off%3DveryLow%26vio%3DveryLow%26ias-kw%3DIAS_3006644_PG%26ss%3Dnon%252Ca%26swgt%3Dna%26dolookalike%3DNA%26user_traits%3DAnonInfinityLow%253A2%253Aout-market&adks=2536367243&frm=20',b'',0,0,1,0,0,1,1
GET,b'/td/auctionwinner?status=nowinner&winner_qid=CLTFy-Hq1YIDFXxGnQkdMoIKXA&xfpQid=CJPyyeHq1YIDFXxGnQkdMoIKXA&ecrs=Aee5mYwMgtwnUNMOgwmqMH9DDeZUhQ4pwSaVfsb7RTr_njJeCaKcOO3quslG72ml3oSmtjTyCtX3w1s4ilSbkGd9ZYWEgRhV1-bFECrnjWalgyt36X4cPM_H48E_JUBY84HsJdTg-Rt_Cn4LFQrLeS9FTEg4-cbb9bl4LgeoprGOrZxNHN3w6O_xPKxbgkp1mn-ih6P2SAlrZkR0M_SVOMpOMCHXzpgLMERjj-QAdG0wZRTUy60ZruUBlNPo-nw4h3wkH49guHLImk3Cm9pDu4aqPXE34t8mL9pLzy8rH5ZtSiCtjQRvbMuth_MWpW4lJ39K6gSWsufABZls0mXtqDmMi89B_808tNWY3asfOFbq_1M_-8EM2fOfLLxZGLF1nOf-5-JLgA1l4VSgzgTuZpWhPV8mDu7EXSK8zoG8nlzbnPWMSeJt0vgssEbk4uuGI_ikqVDysmj8tJIz-L6HsrQRpQTnskX5qC9YtQqXydOamsBTC5RckEwrRjwt2QrwaJ1fUjbvCuNKX9s82BPNpPNmgGoFbRXVnx9ePIKQ-cV4SOaKET6xbhnUzGF8ZngbT0AHVanHNgOqmeD4LmRzH1TuPiaYHsds2ynFRe6LEh4zWky5aLxWfuYiEe5k-7hqtcqQAYNJpyIzRMdCc9eTEbvcgJS5x5kLW_LWdEg_bYYDRDMzMHVoR2BYVJt-4gP86Qk_zTtq5-ZkVgM6_yFmBmOpYQPLUFal_qmKSwfiCwuQF5e0P6yZ_5DzHobUk1dB8vgEp4S1fPXCHnT37J9oYPtyrz6g3dXC92t7dlzmnMNy59eA6ftiOUOTXexG6XWX-zjj85Ztc8AmZMkBb5oV9D_0xAGPT_fi5P77OEsjBNCijbsduFtjXyBUkKjBHi3ZIai_KPqG3HMivWAOurw_iDezxMgZ_IQuqU51idOxXVd2dJn57effaDcLgz-hKCBnx9S9qEDUiIegghCwlQUTfX_4ufz8dP9mpnkkcjXzrZBA4dZ2cGldP_asRVFzDdNx-VpmVVjfvdLU8g658_eI1vJ_Ce5wcvoR271WHjZ-AcSv8WpqcJUQtS5b4b2JUeEtVFDOdetbr1RxHQ6BqAcHKAbZXHbNjhaRMoKBbxeJCSA9Z3kjPImFNSl2vjLd0ZXnB2MsyV0v75jhMt9vd7d4x8qqKDyevYRLaggoxdJKGBSXrxN2FxaCTiSJJsVochul5-uLekPccDyC0tcHlv492ax4bB6gZMl-ZVzuJXGPNb2TMQEsbvTXbGQYPffgdI2QGx7uR55tMMvP8vmJ80xMEJ5pXb2uvj_SBL3zYHWuKPVdR6keFg1u7bz5idp_igBBARKtb1P31fQz6OO7ngfH&cid=CAQSTQDICaaNEGYcXTjSmJ8OrD3abu0TXxbMsHL8cCjkX8yCLBNKaSywlY6PpN_6VfPudL-4qoX-B742-IS_inZGdDRsAcYOx1nC9eC_-poxGAE&applied_timeout_ms=0&duration_ms=2',b'',0,0,0,0,0,0,1
GET,b'/getconfig/sodar?sv=200&tid=gpt&tv=m202311140101&st=env',b'',0,0,0,0,0,0,1
GET,b'/sodar/sodar2/225/runner.html',b'',0,0,0,0,0,0,1
GET,b'/recaptcha/api2/aframe',b'',0,0,0,0,0,0,1
GET,b'/bg/GOa2ZK97xVqw-WOSDw2lqG4V8l_qTiI5JNj0tnI6N88.js',b'',0,0,0,0,0,0,1
GET,b'/pagead/sodar?id=sodar2&v=225&li=gpt_m202311140101&jk=1639779885541514&rc=',b'',0,0,0,0,0,0,1
GET,b'/generate_204?4zCpqA',b'',0,0,0,0,0,0,1
GET,b'/pagead/sodar?id=sodar2&v=225&t=2&li=gpt_m202311140101&jk=1639779885541514&bg=!gIOlg8zNAAZxrfrxUa07ADQBe5WfOFQERhLaHaFUIJvCoiyvE6J30grbBKBVLTs1i8VUtTgfsEjZ3bHZgD0ctECiKMkCAgAAAC5SAAAAAmgBB5kC-A8Zf6pu0bnXLEAjA-UC9Ku-r7g8IAet43T7naWvsLTswwxIbRNl4tCa0oUb4j-NBjP0i48eMMH0sORUj9dVDLnAETyrChWhLW4IKR-fYhj-kxsRhEMinSNYaOtsa_cOHQBu5jAfnD_KKUobUBUrOjWpp1e8UDVFhlT0oSgOFGFEkFtHX4c44cnxZTVKS0qnbc6gGxufTJeSKFDVJmV6lUeQR2CLG6F-7UNewKZGBZLwr6seF-eRCZYEccA48rj4U8OKlDcKX24E1Htd9c0dylf9bBI_a6JVYzJT_fb-_cxV1iRZVL7hZz2zUuSghnUHQ-aMXf11r1LN8HImH9yqITqV7L218OSjBAGFdr-ekVyM1WPsqMXmwICv-kyckBRSapOnu-5-XoeOMlh4UfmJgqkZITAz4y4xaIXVrAnG0rCMYgbmm3cBmcd44ywH8VKiuNIX4-AH0To_WlK-n348B4s24MPtFMCDCA-4gv5CjBQVPI5q8lHNbb6ZfY_v7SJlrL3kIFpfaH1vfASFb1CLBNr847HJ2pKzdy1DoFKFVQMaK8iJ03bo_anx4RDJZqHRmu2xFQbvE-Y24tUvS3YxUsbNCJ88pezpSkBCSu94QhLQmH7CKZHKDFtPx8ekYhEaetX37QR1T0ZL8hjR484-6tr1yUF0O3LnRmZm47c2hikfoh11TqNAIHtTKCMm2MsEl9X5Ag2Wt0jZcfTxHJoKslzqvg_n_firYGcXlEirdGeIg1hwGOeuqS_u8Ny51Q6r3VYSSUmDCpvKPqB54Sb_wCyhUU0v5l3Mk5w3zYsVbBxsBbCrlkbfSR6D_9lJwWIUH8xMhaOf_oWmmacQQ9nJjzIltkCBbxDPT7zxLiAP-58pZ2-v7xR2-GyXO31pm9vvv4j926_ac_Mj1YTmnf_9MY3GiFnDZ72jjwpNUZgdyolyj4dmz4UOd1UUSb3W5W12be29gIRSqKtD1qwjBU4V3wlLdhl4CkhOU0xN6JL6Ic9qpzIrciLb6RM',b'',0,0,0,0,0,0,1
GET,b'/_online?1700595207264',b'',0,0,0,0,0,0,1
POST,b'/pbd/openrtb2/auction',"b'{""imp"":[{""ext"":{""data"":{""adserver"":{""adslot"":""/7103/ma-worcester-C6718/leaderboard_btf/homepage#1"",""name"":""gam""},""pbadslot"":""/7103/ma-worcester-C6718/leaderboard_btf/homepage#1""},""gpid"":""/7103/ma-worcester-C6718/leaderboard_btf/homepage#1"",""tid"":""8743b207-7fa9-4d49-8b96-acdd85581b77"",""prebid"":{""bidder"":{""ix"":{""s"":[728,90],""siteId"":""196727"",""size"":[728,90]},""pulsepoint"":{""s"":[728,90],""ct"":758239,""cp"":562748},""rubicon"":{""siteId"":37664,""zoneId"":159194,""accountId"":11324,""inventory"":{""domain"":[""telegram.com""],""section"":[""homepage""],""subsection"":[""""]}}},""adunitcode"":""ad-slot-7103-ma-worcester-C6718-leaderboard_btf-homepage-6""}},""id"":""ad-slot-7103-ma-worcester-C6718-leaderboard_btf-homepage-6"",""banner"":{""topframe"":1,""format"":[{""w"":728,""h"":90}],""pos"":0}}],""site"":{""name"":""The Worcester Telegram & Gazette"",""domain"":""telegram.com"",""cat"":[],""sectioncat"":[],""keywords"":"""",""ext"":{""data"":{""section"":[""homepage""],""subsection"":[""""]}},""page"":""https://www.telegram.com/"",""publisher"":{""id"":""12345""}},""regs"":{""ext"":{""us_privacy"":""1---""}},""ext"":{""prebid"":{""auctiontimestamp"":1700595221263,""targeting"":{""includewinners"":true,""includebidderkeys"":false},""aliases"":{""appnexusAst"":""appnexus"",""colossusssp"":""colossus"",""yahoossp"":""yahooAds""},""channel"":{""name"":""pbjs"",""version"":""v8.10.0""}}},""id"":""0d9039ef-eca9-4045-ad7e-5737e448ce91"",""test"":0,""user"":{""ext"":{""eids"":[{""source"":""pubcid.org"",""uids"":[{""id"":""42613ae5-6656-4c70-918e-bdb267485339"",""atype"":1}]}]}},""tmax"":1000}'",0,202,1,0,4,1,1
POST,b'/cdb?ptv=141&profileId=185&av=36&wv=8.10.0&cb=29079356528',"b'{""publisher"":{""url"":""https://www.telegram.com/"",""networkid"":1493},""slots"":[{""slotid"":""68a2153b1786143"",""impid"":""ad-slot-7103-ma-worcester-C6718-leaderboard_btf-homepage-6"",""transactionid"":""8743b207-7fa9-4d49-8b96-acdd85581b77"",""sizes"":[""728x90""],""position"":{""top"":6973.27490234375,""left"":395.6000061035156},""ext"":{""data"":{""adserver"":{""adslot"":""/7103/ma-worcester-C6718/leaderboard_btf/homepage#1"",""name"":""gam""},""pbadslot"":""/7103/ma-worcester-C6718/leaderboard_btf/homepage#1""},""gpid"":""/7103/ma-worcester-C6718/leaderboard_btf/homepage#1"",""tid"":""8743b207-7fa9-4d49-8b96-acdd85581b77""}}],""user"":{""ext"":{""data"":{""contentLanguage"":""en-US"",""navigatorLanguage"":""en-US"",""orientation"":""landscape-primary"",""windowInnerWidth"":1536,""windowInnerHeight"":730,""pageWidth"":1519,""pageHeight"":7787,""sessionDuration"":66001.79999999981},""device"":{""w"":1536,""h"":864}},""uspIab"":""1---""},""site"":{""name"":""The Worcester Telegram & Gazette"",""domain"":""telegram.com"",""cat"":[],""sectioncat"":[],""keywords"":"""",""ext"":{""data"":{""section"":[""homepage""],""subsection"":[""""]}},""page"":""https://www.telegram.com/""},""viewport"":{""width"":1536,""height"":730,""scrollTop"":0,""scrollLeft"":0},""tmax"":1600,""auctionStart"":1700595221264,""id"":""34d2f643-a44e-4ba3-8c4c-5f790a8467ad"",""eids"":[{""source"":""pubcid.org"",""uids"":[{""id"":""42613ae5-6656-4c70-918e-bdb267485339"",""atype"":1}]}],""source"":{""tid"":""5705e817-cd6d-4fa1-9699-e10589ebb90c""}}'",0,168,1,0,4,1,1
GET,b'/e/dtb/bid?src=3062&u=https%3A%2F%2Fwww.telegram.com%2F&pr=https%3A%2F%2Fwww.telegram.com%2F&pid=qWtzD0MaTVVxY&cb=2&ws=1536x730&v=23.1108.2350&t=1500&slots=%5B%7B%22sd%22%3A%22ad-slot-7103-ma-worcester-C6718-leaderboard_btf-homepage-6%22%2C%22s%22%3A%5B%22728x90%22%5D%2C%22sn%22%3A%22%2F7103%2Fma-worcester-C6718%2Fleaderboard_btf%2Fhomepage%231%22%7D%5D&pj=%7B%22us_privacy%22%3A%221---%22%7D&cfgv=1&gdprl=%7B%22status%22%3A%22no-cmp%22%7D&vm=%7B%22ids%22%3A%7B%22pubcommon%22%3A%220f574b50-4a08-48cb-938c-52fc92bf482b%22%7D%7D',b'',0,0,1,0,0,0,1
POST,b'/csm/events',"b'{""requestId"":""34d2f643-a44e-4ba3-8c4c-5f790a8467ad"",""events"":[{""eventId"":""AdapterBidStart"",""elapsed"":0},{""eventId"":""CdbCallStart"",""elapsed"":1},{""eventId"":""CdbCallEnd"",""elapsed"":440},{""eventId"":""AdapterBidEnd"",""elapsed"":440},{""eventId"":""UserReturnTime"",""elapsed"":32586}]}'",0,36,0,0,0,0,1
GET,b'/gampad/ads?pvsid=1639779885541514&correlator=2948267725078037&eid=31079312%2C31079695%2C31061691%2C31061693%2C31078663%2C31078665%2C31078668%2C31078670&output=ldjh&gdfp_req=1&vrg=202311140101&ptt=17&impl=fifs&us_privacy=1---&tfcd=0&iu_parts=7103%2Cma-worcester-C6718%2Cleaderboard_btf%2Chomepage&enc_prev_ius=0%2F1%2F2%2F3&prev_iu_szs=728x90&ifi=6&sfv=1-0-40&rcs=2&eri=1&sc=1&cookie=ID%3D67e28f5b4f788c41%3AT%3D1700592621%3ART%3D1700594895%3AS%3DALNI_MaZ4qLi-ESqM0K9Ke5rJMJ8fZ7_0g&gpic=UID%3D00000c922c1e69d7%3AT%3D1700592621%3ART%3D1700594895%3AS%3DALNI_MY_F4ot27lURvQ166sfOoVfIVlNfA&abxe=1&dt=1700595221932&lmt=1700595221&adxs=396&adys=6973&biw=1519&bih=730&scr_x=0&scr_y=0&btvi=4&ucis=4&oid=2&u_his=2&u_h=864&u_w=1536&u_ah=816&u_aw=1536&u_cd=24&u_sd=1.25&u_tz=330&dmc=8&bc=31&nvt=2&uach=WyJXaW5kb3dzIiwiIiwiIiwiIiwiIixudWxsLDAsbnVsbCwiIixudWxsLDBd&url=https%3A%2F%2Fwww.telegram.com%2F&ref=https%3A%2F%2Fwww.telegram.com%2F&rumc=1639779885541514&rume=1&vis=2&psz=880x108&msz=728x90&fws=4&ohw=728&psts=AOrYGskAmpbKyJ7qHCQl_BNESX-ELrDoDmUiQrWYox1T0KxrCq_g_ZQukvJ0eQifw5cEU4qCtPc8tFsk2v8fbD42DfN32Yc%2CAOrYGslXqzWxZnMwa10HhsoG5C0a%2CAOrYGslXqzWxZnMwa10HhsoG5C0a&ga_vid=1668597486.1700592620627&ga_sid=1700595157&ga_hid=1608231550&ga_fc=true&td=1&topics=3&tps=3&htps=10&a3p=Eh0KDmVzcC5jcml0ZW8uY29tGK2v4Jm_MUgAUgIIZA..&nt=1&psd=WzE1LFsyLFtbIjcxMDMvbWEtd29yY2VzdGVyLUM2NzE4L2xlYWRlcmJvYXJkX2J0Zi9ob21lcGFnZSIsW11dXV0sbnVsbCwzXQ..&dlt=1700595155678&idt=92&ppid=42613ae5-6656-4c70-918e-bdb267485339&prev_scp=position%3Dleaderboard_btf%26adCount%3D1%26id%3Db99e0976-88a4-11ee-8035-0a53811b8efa%26navigationtype%3Dadrefresh-off&cust_params=aam_props%3Dtangent-desktop%257Cdesktop%257Chomefront%26alerttype%3D%26build%3Dtangent-desktop%26cst_section%3Dhomepage%26features%3Dnoautoplay%252CheavyAds%26gnt_sb%3D2%26gnt_ub%3D7%26hls%3Dhttps%253A%252F%252Fwww.telegram.com%252Fgcdn%252Fgannett-web%252Fapps%252Fteal%252Fdist%252Fvendor%252Fhls%252Fhls.1.2.8.min.js%26navigationtype%3Dpagerefresh-off%26pageType%3Dhome-front%26privacy%3DNA%26property%3DNTEG%26referrer%3Dtelegram.com%252F%26sitepage%3DNTEG%252Fhome%26ssts_section%3Dhome%26userguid%3D42613ae5-6656-4c70-918e-bdb267485339%26utm_props%3D%257C%257C%26variant%3Dad-control%252Cst95%26fr%3Dfalse%26adt%3DveryLow%26alc%3DveryLow%26dlm%3DveryLow%26drg%3DveryLow%26hat%3DveryLow%26off%3DveryLow%26vio%3DveryLow%26ias-kw%3DIAS_3006644_PG%26ss%3Dnon%252Ca%26swgt%3Dna%26dolookalike%3DNA%26user_traits%3DAnonInfinityLow%253A2%253Aout-market&adks=2536367243&frm=20',b'',0,0,1,0,0,1,1
POST,b'/gannettdigital-telegram/log/3/perf?tvi48=10143&tvi50=11906&route=HK%3AIL%3AV&lti=deflated',b'ri=63935338f0cd54def8eb67afcdf16786&sd=v2_11b85d8fefc914ebf2a80c5fcfcf39cc_47f0fe82-6d08-48aa-bad0-1aad03377859-tuctc56752b_1700592620_1700595156_CIi3jgYQ0vxMGICI-5q_MSAHKAMwZziY0QpA3o8QSMvW8QNQ____________AVgAYABoi7KQoMnujt4ucAE&ui=47f0fe82-6d08-48aa-bad0-1aad03377859-tuctc56752b&pi=%2F&wi=1259362818905553127&pt=home&vi=1700595155968&cv=20231121-7-RELEASE&networkId=gannett-network&lt=deflated&data=%7B%22measurements%22%3A%22%5B%7B%5C%22name%5C%22%3A%5C%22generalMeasure_documentReady%5C%22%2C%5C%22entryType%5C%22%3A%5C%22measure%5C%22%2C%5C%22startTime%5C%22%3A42944.60000000009%2C%5C%22duration%5C%22%3A0%7D%2C%7B%5C%22name%5C%22%3A%5C%22generalMeasure_ELMAX_4%5C%22%2C%5C%22entryType%5C%22%3A%5C%22measure%5C%22%2C%5C%22startTime%5C%22%3A66997.6000000001%2C%5C%22duration%5C%22%3A21997.899999999907%7D%2C%7B%5C%22name%5C%22%3A%5C%22generalMeasure_ELAVG_4%5C%22%2C%5C%22entryType%5C%22%3A%5C%22measure%5C%22%2C%5C%22startTime%5C%22%3A66997.6000000001%2C%5C%22duration%5C%22%3A8000.766666666605%7D%2C%7B%5C%22name%5C%22%3A%5C%22generalMeasure_ELMAX_3%5C%22%2C%5C%22entryType%5C%22%3A%5C%22measure%5C%22%2C%5C%22startTime%5C%22%3A42989.5%2C%5C%22duration%5C%22%3A35998.5%7D%2C%7B%5C%22name%5C%22%3A%5C%22generalMeasure_ELAVG_3%5C%22%2C%5C%22entryType%5C%22%3A%5C%22measure%5C%22%2C%5C%22startTime%5C%22%3A42989.5%2C%5C%22duration%5C%22%3A35998.5%7D%2C%7B%5C%22name%5C%22%3A%5C%22generalMeasure_ELMAX_2%5C%22%2C%5C%22entryType%5C%22%3A%5C%22measure%5C%22%2C%5C%22startTime%5C%22%3A10998.899999999907%2C%5C%22duration%5C%22%3A1990.5%7D%2C%7B%5C%22name%5C%22%3A%5C%22generalMeasure_ELAVG_2%5C%22%2C%5C%22entryType%5C%22%3A%5C%22measure%5C%22%2C%5C%22startTime%5C%22%3A10998.899999999907%2C%5C%22duration%5C%22%3A1990.5%7D%5D%22%2C%22dict%22%3A%22%7B%5C%220%5C%22%3A%5C%22~~%40~~%5C%22%2C%5C%22111578637%5C%22%3A%5C%22~~%40~~userx%5C%22%2C%5C%22138234501%5C%22%3A%5C%22~~%40~~feed-card-placeholder%5C%22%2C%5C%22390970767%5C%22%3A%5C%22handleLoadResponse~~%40~~%5C%22%2C%5C%22442383982%5C%22%3A%5C%22~~%40~~article-detection%5C%22%2C%5C%22612387012%5C%22%3A%5C%22~~%40~~1700595158261%5C%22%2C%5C%22612387013%5C%22%3A%5C%22~~%40~~1700595158262%5C%22%2C%5C%22612387014%5C%22%3A%5C%22~~%40~~1700595158263%5C%22%2C%5C%22733670571%5C%22%3A%5C%22~~%40~~distance-from-article%5C%22%2C%5C%221018837982%5C%22%3A%5C%22thumbnails-feed-desktop-03~~%40~~1826b32656fbc67c562e20582abc4bb4%5C%22%2C%5C%221204732688%5C%22%3A%5C%22Ellipsis~~%40~~all%5C%22%2C%5C%221670631494%5C%22%3A%5C%22RealTimeUserSyncMain~~%40~~0%5C%22%2C%5C%221748517868%5C%22%3A%5C%22thumbnails-feed-desktop-03~~%40~~dea20ad8772598ce5702d54a65422fef%5C%22%2C%5C%221895504606%5C%22%3A%5C%22thumbnails-feed-original-03~~%40~~51ab73e2406c8c1944064d2e1860a0f3%5C%22%2C%5C%22-293262738%5C%22%3A%5C%22Below_Homepage_Feed_-_Feed_Redesign~~%40~~0%5C%22%2C%5C%22-694457877%5C%22%3A%5C%22Right_Rail_Home_Thumbnails_-_Redesign~~%40~~0%5C%22%2C%5C%22-1127827963%5C%22%3A%5C%22~~%40~~google-topics-api%5C%22%2C%5C%22-1399777350%5C%22%3A%5C%22RealTimeUserSyncCallback~~%40~~0%5C%22%2C%5C%22-1021499608%5C%22%3A%5C%22TrcPv3~~%40~~undefined%5C%22%2C%5C%22-1781807320%5C%22%3A%5C%22TrcPv3~~%40~~%5C%22%2C%5C%22-77814859%5C%22%3A%5C%22exchange-thumbnails-desktop-deal-03~~%40~~b930328ee8076f4c52fcbaeec90d0024%5C%22%2C%5C%22-1131003350%5C%22%3A%5C%22exchange-thumbnails-desktop-a-03~~%40~~3f7d32d5cc095c32b25a19d0d23a9ca3%5C%22%2C%5C%22-181332853%5C%22%3A%5C%22~~%40~~firstImage%5C%22%7D%22%7D&tim=01%3A03%3A42.262&id=2942&llvl=2',0,0,0,0,0,0,1
GET,b'/td/auctionwinner?status=nowinner&winner_qid=CIay__Dq1YIDFclRnQkdGCcNNg&xfpQid=CIes_fDq1YIDFclRnQkdGCcNNg&ecrs=Aee5mYw4a7DaPTMUsaNvjD0mNcn5ghf2uQ9tNt1R7d1hKcfdAghuvw3TimchuhAgHrQiUtHnyF9v-UucO5iAyDGemNTfZuts-CZoIasdTPTmNU8sPOAp6G6zkBVnZF8vOvTpD_KZZHjZfclJRh4LUiXlOsaVUY4__8K8Js0vd9n1jRmm1Qj9epPcnCMzYdo6Vhe21ivxf2FU1wGjf9BUUm5M_WZno85gzSP8GECa_k8dLAePcLyw23HmMUZu0sI4W6BHRXiUCUST5VZ_BeejjVpj4N9Iuw1FA3DejrQV1XvEu8R-Ey36XP-jj6taIACkurxKnsYoVYCorE5J5IexDeZp9_uQgYoXPHuRmuHyvo39U3xezyCeyuJusKYEwJa1JcetBnJnqGpOWtE-yX7dOdffevghiWCeXgxYD2nfHkUYVGZlNXl1DZQ5QReINZeHlr-45vbYF9t2QCMf79w6KNsdwKG9AzxChSPdSUigIL_DgP6IYl82uT69x9746tBvQMuVzL2k_KyaG2xjOwqYIJyuQBdz5DDb6lAGQTBLd0LagXs1FZkwfeWIRV-pu03Vyz5w44RUY1551EoXaItq7qM1D8dWnorXuwGtJaIzlC9qjTHjSBSNJXqOoqmD0CGPf7sT67JCflc54BHt1uKatfHYl1KpKShWeWnzeC851A1JpfAIOcLCpb906p0ot5TYGz4dbmWXVWntNiBaC1Cx9Pk9pvYB6CHHpsv0XAaJTmZCaDGcMkE4g-JViZG456e-ZguAWHIdY66_Sh0jFsjzJdt7rKh2EsRps85q-nwpN58jEMbJmx9wlMD4cIM7_GvSvor1g4NZebNqQMxNvXzokbsDIEPvve6GPDpkZry-MbcRm8lguNnj8hPrxotcWlszhJzvCywY3lqjKe14EtAfKcS54WWCqkXZ3t-qIDqcfOsnbg9QKQ5lIkMPu6jn1hKJvZDZ93UxI9CWn1-O905W7tGqDc79NM4hGjsYhnBwGzXz3cvCDuQPFnDn&cid=CAQSTQDICaaN39dS28TTi5EtZ2moJ3SAFCf77X-R4-feq1sq2uLFs1oSj65cVCR53Qeg7jGEo3A60WqkowNltAqsowCoJWmr7beBPFwXNAdjGAE&applied_timeout_ms=0&duration_ms=2',b'',0,0,0,0,0,0,1
GET,b'/_online?1700595251263',b'',0,0,0,0,0,0,1
GET,b'/e/dtb/bid?src=3062&u=https%3A%2F%2Fwww.telegram.com%2F&pr=https%3A%2F%2Fwww.telegram.com%2F&pid=qWtzD0MaTVVxY&cb=3&ws=1536x730&v=23.1108.2350&t=1500&slots=%5B%7B%22sd%22%3A%22ad-slot-7103-ma-worcester-C6718-leaderboard_btf-homepage-6%22%2C%22s%22%3A%5B%22728x90%22%5D%2C%22sn%22%3A%22%2F7103%2Fma-worcester-C6718%2Fleaderboard_btf%2Fhomepage%231%22%7D%5D&pj=%7B%22us_privacy%22%3A%221---%22%7D&cfgv=1&gdprl=%7B%22status%22%3A%22no-cmp%22%7D&vm=%7B%22ids%22%3A%7B%22pubcommon%22%3A%220f574b50-4a08-48cb-938c-52fc92bf482b%22%7D%7D',b'',0,0,1,0,0,0,1
POST,b'/pbd/openrtb2/auction',"b'{""imp"":[{""ext"":{""data"":{""adserver"":{""adslot"":""/7103/ma-worcester-C6718/leaderboard_btf/homepage#1"",""name"":""gam""},""pbadslot"":""/7103/ma-worcester-C6718/leaderboard_btf/homepage#1""},""gpid"":""/7103/ma-worcester-C6718/leaderboard_btf/homepage#1"",""tid"":""055320ea-28b8-4598-95a4-8684c5195697"",""prebid"":{""bidder"":{""ix"":{""s"":[728,90],""siteId"":""196727"",""size"":[728,90]},""pulsepoint"":{""s"":[728,90],""ct"":758239,""cp"":562748},""rubicon"":{""siteId"":37664,""zoneId"":159194,""accountId"":11324,""inventory"":{""domain"":[""telegram.com""],""section"":[""homepage""],""subsection"":[""""]}}},""adunitcode"":""ad-slot-7103-ma-worcester-C6718-leaderboard_btf-homepage-6""}},""id"":""ad-slot-7103-ma-worcester-C6718-leaderboard_btf-homepage-6"",""banner"":{""topframe"":1,""format"":[{""w"":728,""h"":90}],""pos"":0}}],""site"":{""name"":""The Worcester Telegram & Gazette"",""domain"":""telegram.com"",""cat"":[],""sectioncat"":[],""keywords"":"""",""ext"":{""data"":{""section"":[""homepage""],""subsection"":[""""]}},""page"":""https://www.telegram.com/"",""publisher"":{""id"":""12345""}},""regs"":{""ext"":{""us_privacy"":""1---""}},""ext"":{""prebid"":{""auctiontimestamp"":1700595253274,""targeting"":{""includewinners"":true,""includebidderkeys"":false},""aliases"":{""appnexusAst"":""appnexus"",""colossusssp"":""colossus"",""yahoossp"":""yahooAds""},""channel"":{""name"":""pbjs"",""version"":""v8.10.0""}}},""id"":""9df81d48-358a-40a0-afb0-9495d562fcf5"",""test"":0,""user"":{""ext"":{""eids"":[{""source"":""pubcid.org"",""uids"":[{""id"":""42613ae5-6656-4c70-918e-bdb267485339"",""atype"":1}]}]}},""tmax"":1000}'",0,202,1,0,4,1,1
POST,b'/cdb?ptv=141&profileId=185&av=36&wv=8.10.0&cb=82293465574',"b'{""publisher"":{""url"":""https://www.telegram.com/"",""networkid"":1493},""slots"":[{""slotid"":""76ea282cecfc6b"",""impid"":""ad-slot-7103-ma-worcester-C6718-leaderboard_btf-homepage-6"",""transactionid"":""055320ea-28b8-4598-95a4-8684c5195697"",""sizes"":[""728x90""],""position"":{""top"":6973.27490234375,""left"":395.6000061035156},""ext"":{""data"":{""adserver"":{""adslot"":""/7103/ma-worcester-C6718/leaderboard_btf/homepage#1"",""name"":""gam""},""pbadslot"":""/7103/ma-worcester-C6718/leaderboard_btf/homepage#1""},""gpid"":""/7103/ma-worcester-C6718/leaderboard_btf/homepage#1"",""tid"":""055320ea-28b8-4598-95a4-8684c5195697""}}],""user"":{""ext"":{""data"":{""contentLanguage"":""en-US"",""navigatorLanguage"":""en-US"",""orientation"":""landscape-primary"",""windowInnerWidth"":1536,""windowInnerHeight"":730,""pageWidth"":1519,""pageHeight"":7787,""sessionDuration"":98012.8999999999},""device"":{""w"":1536,""h"":864}},""uspIab"":""1---""},""site"":{""name"":""The Worcester Telegram & Gazette"",""domain"":""telegram.com"",""cat"":[],""sectioncat"":[],""keywords"":"""",""ext"":{""data"":{""section"":[""homepage""],""subsection"":[""""]}},""page"":""https://www.telegram.com/""},""viewport"":{""width"":1536,""height"":730,""scrollTop"":0,""scrollLeft"":0},""tmax"":1600,""auctionStart"":1700595253275,""id"":""86dc0854-fad5-44fa-b4da-4214620498c2"",""eids"":[{""source"":""pubcid.org"",""uids"":[{""id"":""42613ae5-6656-4c70-918e-bdb267485339"",""atype"":1}]}],""source"":{""tid"":""e4e3cea1-93bf-43aa-8f8e-5440ed906a13""}}'",0,168,1,0,4,1,1
POST,b'/csm/events',"b'{""requestId"":""86dc0854-fad5-44fa-b4da-4214620498c2"",""events"":[{""eventId"":""AdapterBidStart"",""elapsed"":0},{""eventId"":""CdbCallStart"",""elapsed"":1},{""eventId"":""CdbCallEnd"",""elapsed"":463},{""eventId"":""AdapterBidEnd"",""elapsed"":463},{""eventId"":""UserReturnTime"",""elapsed"":32034}]}'",0,36,0,0,0,0,1
GET,b'/gampad/ads?pvsid=1639779885541514&correlator=2948267725078037&eid=31079312%2C31079695%2C31061691%2C31061693%2C31078663%2C31078665%2C31078668%2C31078670&output=ldjh&gdfp_req=1&vrg=202311140101&ptt=17&impl=fifs&us_privacy=1---&tfcd=0&iu_parts=7103%2Cma-worcester-C6718%2Cleaderboard_btf%2Chomepage&enc_prev_ius=0%2F1%2F2%2F3&prev_iu_szs=728x90&ifi=7&sfv=1-0-40&rcs=3&eri=1&sc=1&cookie=ID%3D67e28f5b4f788c41%3AT%3D1700592621%3ART%3D1700595222%3AS%3DALNI_MaZ4qLi-ESqM0K9Ke5rJMJ8fZ7_0g&gpic=UID%3D00000c922c1e69d7%3AT%3D1700592621%3ART%3D1700595222%3AS%3DALNI_MY_F4ot27lURvQ166sfOoVfIVlNfA&abxe=1&dt=1700595253769&lmt=1700595253&adxs=396&adys=6973&biw=1519&bih=730&scr_x=0&scr_y=0&btvi=5&ucis=4&oid=2&u_his=2&u_h=864&u_w=1536&u_ah=816&u_aw=1536&u_cd=24&u_sd=1.25&u_tz=330&dmc=8&bc=31&nvt=2&uach=WyJXaW5kb3dzIiwiIiwiIiwiIiwiIixudWxsLDAsbnVsbCwiIixudWxsLDBd&url=https%3A%2F%2Fwww.telegram.com%2F&ref=https%3A%2F%2Fwww.telegram.com%2F&rumc=1639779885541514&rume=1&vis=2&psz=880x108&msz=728x90&fws=4&ohw=728&psts=AOrYGskAmpbKyJ7qHCQl_BNESX-ELrDoDmUiQrWYox1T0KxrCq_g_ZQukvJ0eQifw5cEU4qCtPc8tFsk2v8fbD42DfN32Yc%2CAOrYGslXqzWxZnMwa10HhsoG5C0a%2CAOrYGslXqzWxZnMwa10HhsoG5C0a&ga_vid=1668597486.1700592620627&ga_sid=1700595157&ga_hid=1608231550&ga_fc=true&td=1&topics=3&tps=3&htps=10&a3p=Eh0KDmVzcC5jcml0ZW8uY29tGK2v4Jm_MUgAUgIIZA..&nt=1&psd=WzE1LFsyLFtbIjcxMDMvbWEtd29yY2VzdGVyLUM2NzE4L2xlYWRlcmJvYXJkX2J0Zi9ob21lcGFnZSIsW11dXV0sbnVsbCwzXQ..&dlt=1700595155678&idt=92&ppid=42613ae5-6656-4c70-918e-bdb267485339&prev_scp=position%3Dleaderboard_btf%26adCount%3D1%26id%3Db99e0976-88a4-11ee-8035-0a53811b8efa%26navigationtype%3Dadrefresh-off&cust_params=aam_props%3Dtangent-desktop%257Cdesktop%257Chomefront%26alerttype%3D%26build%3Dtangent-desktop%26cst_section%3Dhomepage%26features%3Dnoautoplay%252CheavyAds%26gnt_sb%3D2%26gnt_ub%3D7%26hls%3Dhttps%253A%252F%252Fwww.telegram.com%252Fgcdn%252Fgannett-web%252Fapps%252Fteal%252Fdist%252Fvendor%252Fhls%252Fhls.1.2.8.min.js%26navigationtype%3Dpagerefresh-off%26pageType%3Dhome-front%26privacy%3DNA%26property%3DNTEG%26referrer%3Dtelegram.com%252F%26sitepage%3DNTEG%252Fhome%26ssts_section%3Dhome%26userguid%3D42613ae5-6656-4c70-918e-bdb267485339%26utm_props%3D%257C%257C%26variant%3Dad-control%252Cst95%26fr%3Dfalse%26adt%3DveryLow%26alc%3DveryLow%26dlm%3DveryLow%26drg%3DveryLow%26hat%3DveryLow%26off%3DveryLow%26vio%3DveryLow%26ias-kw%3DIAS_3006644_PG%26ss%3Dnon%252Ca%26swgt%3Dna%26dolookalike%3DNA%26user_traits%3DAnonInfinityLow%253A2%253Aout-market&adks=2536367243&frm=20',b'',0,0,1,0,0,1,1
GET,b'/td/auctionwinner?status=nowinner&winner_qid=CJ_Km4Dr1YIDFQBRnQkd3ukL6g&xfpQid=CI2XmYDr1YIDFQBRnQkd3ukL6g&ecrs=Aee5mYyZrWYvWSdwU6jH4dY09bwgAzr3MDStCfjn6XZJ9-oqEhwiJW4lMuILBlO6tIscNgjPnZZGDYhqzBjtnfMlR9OYVEvMtKP2N8hgv2zMEJlxtAdIs6KLcRg64Hv4CRW8V7Q6D5uHq0E8FGPtEzmwBcUaWmlpt1_9E8nej7nViQYhTbhKm_TGcumC819vvoe6n7Opv_ovNDQoCxHl_VE_bShxYWdLRjSpfEWYwlmOVGouAOL9FBO-8gdh7iRryTV0kdS65bts-ix3CrEqSMS_iuSEGWTYDKEEUc-sSnn__2zUKXzwNXetsT9t1Pb8Yo7qex7V9jrQNCkUuSFr3KoqU-HIstLTVmpZiKBypcu5KgmSyBo4d3Qn9nconupWYoi6SaHQUQdELKuYmzbzxv_O66c2usUnKAypz3Nys2AIjp36UQCMP90R6zPWl4WwvAQFry91khzyj3cYT7TY-AwaQ3hXIBAbnEf7Q3KV5burBUxCuweI9FmrSVRkkh29mUsOJfBdwZZc3Igz-WNlTnieXANTHBoUcDn56GYsUFHLdLawHLtMNjf01uij3X4GDVzMmrRPJQpvbzLJTVto05fnWH23YpYCcofhCafioyN7XUbHGOoZc0zvxT5q8XYG47vBZUozd16mXRLTfYeQ4XF-7jXM05cuEvYno5bmDDDbs6Zhn5uC7bKq7d-42shWwY3B74zTDeCQ5FG8nrOg-cpNmRpORMrjSoB-GSbPbE16Ebb5D2oQAMViDiYURt_olnfZOHk4NIWwFnVeOf8QGaPK6uBuvS-rYSn8H95bZTKrdwHwDbiY9jpsf_BOwghk648X3Uca-D1nbZZIu9MUMNPedIDPu5rf5DyYfTjEYvaErl8g4YODRnwUq7BEcqMV--KHyf-OAl5EhsWktPH0WrI_blQCBrZnoOD9of25kTOV8vIfcWR1-ZBtYTygg-BiYBfCx0KYeT9cYLmosVp3wypsUqyBWE1DX9h70SAegP4iruKfcGmQAhQz&cid=CAQSTQDICaaNS69Yi3OIczwbJ4efql1Yp7Na1yjGfjoB0LBAhp5HyRUASlf-NJV-15OnTtOlUdFKBwmq6N3Ih8lnLA7lYGFdLZSAIYeRr0SbGAE&applied_timeout_ms=0&duration_ms=2',b'',0,0,1,0,0,0,1
GET,b'/_online?1700595276262',b'',0,0,0,0,0,0,1
